{"Iteration": 477, "NumTrajs": 2448, "AverageDiscountedReturn": 55.48290689373512, "AverageReturn": 60.773529411764706, "StdReturn": 8.155145051513582, "MaxReturn": 77.19999999999999, "MinReturn": 8.800000000000002, "LossBefore": -0.12642993032932281, "LossAfter": -0.12776942551136017, "dLoss": 0.0013394951820373535, "KLBefore": 0.00014948735770303756, "KL": 0.00020267836225684732, "Entropy": 0.804412841796875, "GradNorm": 0.4211557198917716, "_timestamp": 1650555940, "_runtime": 13079, "_step": 477}