{"Iteration": 197, "NumTrajs": 1880, "AverageDiscountedReturn": 36.74665451807489, "AverageReturn": 40.825106382978724, "StdReturn": 15.270686962538113, "MaxReturn": 72.6, "MinReturn": -15.89999999999999, "LossBefore": -0.13676340878009796, "LossAfter": -0.13886408507823944, "dLoss": 0.0021006762981414795, "KLBefore": 0.00023902356042526662, "KL": 0.00021079351427033544, "Entropy": 1.460946798324585, "GradNorm": 0.4067767289628025, "_timestamp": 1650595510, "_runtime": 39491, "_step": 197}