{"Iteration": 218, "NumTrajs": 464, "AverageDiscountedReturn": 20.82154052169849, "AverageReturn": 24.88275862068966, "StdReturn": 17.06152293330829, "MaxReturn": 56.400000000000006, "MinReturn": -15.499999999999972, "LossBefore": -0.16077886521816254, "LossAfter": -0.15983092784881592, "dLoss": -0.0009479373693466187, "KLBefore": 0.0007906404207460582, "KL": 0.0008428326691500843, "Entropy": 1.4653854370117188, "GradNorm": 0.40475986274933723, "_timestamp": 1650595607, "_runtime": 39827, "_step": 218}