{"Iteration": 181, "NumTrajs": 2320, "AverageDiscountedReturn": 70.49187808209241, "AverageReturn": 77.40379310344828, "StdReturn": 1.1074447562873269, "MaxReturn": 79.3, "MinReturn": 71.89999999999999, "LossBefore": -0.1391087770462036, "LossAfter": -0.14085547626018524, "dLoss": 0.0017466992139816284, "KLBefore": 0.00019439983589109033, "KL": 0.00017371404101140797, "Entropy": 1.5500630140304565, "GradNorm": 0.462526508554833, "_timestamp": 1650595608, "_runtime": 39537, "_step": 181}